<?xml version="1.0" encoding="UTF-8"?>
<!-- 
<persistence version="2.1"
	xmlns="http://xmlns.jcp.org/xml/ns/persistence" xmlns:xsi="http://www.w3.org/2001/XMLSchema-instance"
	xsi:schemaLocation="http://xmlns.jcp.org/xml/ns/persistence http://xmlns.jcp.org/xml/ns/persistence/persistence_2_1.xsd">
 -->

	<!-- 
	<persistence-unit name="papamoscastfgPU"
		transaction-type="JTA">
		<jta-data-source>jdbc/papamoscas</jta-data-source>
		<properties>
			<property name="javax.persistence.schema-generation.database.action"
				value="create" />
		</properties>
	</persistence-unit>
	 -->

	<!-- <persistence-unit name="ds_pu1"> <provider>com.impetus.kundera.KunderaPersistence</provider> 
		<properties> <property name="kundera.nodes" value="192.168.137.1" /> <property 
		name="kundera.port" value="9042" /> <property name="kundera.keyspace" value="papamoscasKeyspace" 
		/> <property name="kundera.dialect" value="cassandra" /> <property name="kundera.ddl.auto.prepare" 
		value="create" /> <property name="kundera.client" value="thrift" /> <property 
		name="kundera.client.lookup.class" value="com.impetus.client.cassandra.thrift.ThriftClientFactory" 
		/> </properties> </persistence-unit> -->

	<!-- <persistence-unit name="ds_pu2"> <provider>com.impetus.kundera.KunderaPersistence</provider> 
		<properties> <property name="kundera.nodes" value="192.168.137.1" /> <property 
		name="kundera.port" value="9042" /> <property name="kundera.keyspace" value="papamoscasKeyspace" 
		/> <property name="kundera.dialect" value="cassandra" /> <property name="kundera.ddl.auto.prepare" 
		value="create" /> <property name="kundera.client.lookup.class" value="com.impetus.kundera.client.cassandra.dsdriver.DSClientFactory" 
		/> </properties> </persistence-unit> -->

	<!-- <persistence-unit name="ds_pu3"> <provider>com.impetus.kundera.KunderaPersistence</provider> 
		<properties> <property name="kundera.nodes" value="localhost" /> <property 
		name="kundera.port" value="9042" /> <property name="kundera.keyspace" value="papamoscasKeyspace" 
		/> <property name="kundera.dialect" value="cassandra" /> <property name="kundera.client.lookup.class" 
		value="com.impetus.client.cassandra.thrift.ThriftClientFactory" /> <property 
		name="kundera.cache.provider.class" value="com.impetus.kundera.cache.ehcache.EhCacheProvider" 
		/> <property name="kundera.client.property" value="kundera-cassandra.xml" 
		/> <property name="kundera.ddl.auto.prepare" value="create" /> </properties> 
		</persistence-unit> -->

<!-- 
</persistence>
  -->
