<?xml version="1.0" encoding="UTF-8"?>
<clientProperties>
  <datastores>
    <dataStore>
      <name>cassandra</name>
      <connection>
        <properties>
          <property name="cql.version" value="3.0.0"></property>
        </properties>
      </connection>
      <schemas>
        <schema>
          <name>papamoscasKeyspace@ds_pu3</name>
          <properties>
            <property name="strategy.class" value="SimpleStrategy" />
            <property name="replcation.factor" value="2" />
            <property name="durable.writes" value="true" />
          </properties>
        </schema>
      </schemas>
    </dataStore>
  </datastores>
</clientProperties>